,,,,,,,,,,,,,,,,,,,,,,,,,,,,,,,,,,,,,,,,,,,,,,,,,,,,,,,,,,,,,,,,,,,,,,,,,,,,,,,,,,,,,,,,,,,,,,,,,,,,,,,,,,,,,,,,,,,,,,,,,,,,,,,,,,,,,,,,,,,,,,,,,,,,,,
,Emissions Assumptions,,Starting Protocol Metrics - Assumptions,,Model Design Inputs - End State,,Revenue Assumptions,,Production Interest Rate Model,,,,,,,,,,,,,,,,,,,,,,,,,,,,,,,,,,,,,,,,,,,,,,,,,,,,,,,,,,,,,,,,,,,,,,,,,,,,,,,,,,,,,,,,,,,,,,,,,,,,,,,,,,,,,,,,,,,,,,,,,,,,,,,,,,,,,,,,,,,,,
,Total ION Emitted,"300,000,000",TVL,"$150,000,000",Final Borrowed,"$400,000,000",Lender,70%,Rate,Per Year,Per Block,,,,,,,,,,,,,,,,,,,,,,,,,,,,,,,,,,,,,,,,,,,,,,,,,,,,,,,,,,,,,,,,,,,,,,,,,,,,,,,,,,,,,,,,,,,,,,,,,,,,,,,,,,,,,,,,,,,,,,,,,,,,,,,,,,,,,,,,,,,
,Base Monthly Emissions Rate - Model,1.00%,Borrow,"$40,000,000",Target Utilization Rate,40%,Reserve Fee,0.00%,Base Rate,0,0,,,,,,,,,,,,,,,,,,,,,,,,,,,,,,,,,,,,,,,,,,,,,,,,,,,,,,,,,,,,,,,,,,,,,,,,,,,,,,,,,,,,,,,,,,,,,,,,,,,,,,,,,,,,,,,,,,,,,,,,,,,,,,,,,,,,,,,,,,,
,Base Weekly Emissions Rate - Model,0.2500%,Cash,"$110,000,000",Final TVL,"$1,000,000,000",Admin Fee,0.00%,Multiplier,"180,000,000,000,000,000",11415525114,,,,,,,,,,,,,,,,,,,,,,,,,,,,,,,,,,,,,,,,,,,,,,,,,,,,,,,,,,,,,,,,,,,,,,,,,,,,,,,,,,,,,,,,,,,,,,,,,,,,,,,,,,,,,,,,,,,,,,,,,,,,,,,,,,,,,,,,,,,
,$ Borrowed Step Size - Model,15%,Utilization,26.67%,Final Cash,"$600,000,000",Protocol Fee,20.00%,Kink,"8,000,000","8,000,000",,,,,,,,,,,,,,,,,,,,,,,,,,,,,,,,,,,,,,,,,,,,,,,,,,,,,,,,,,,,,,,,,,,,,,,,,,,,,,,,,,,,,,,,,,,,,,,,,,,,,,,,,,,,,,,,,,,,,,,,,,,,,,,,,,,,,,,,,,,
,Emissions Step Up - Model,10.0%,Borrow Interest,"48,000,000,000,000,000",Borrow Interest,"72,000,000,000,000,000",Liquidation Fee,10.00%,Jump Multiplier,"4,000,000,000,000,000,000",253678335870,,,,,,,,,,,,,,,,,,,,,,,,,,,,,,,,,,,,,,,,,,,,,,,,,,,,,,,,,,,,,,,,,,,,,,,,,,,,,,,,,,,,,,,,,,,,,,,,,,,,,,,,,,,,,,,,,,,,,,,,,,,,,,,,,,,,,,,,,,,
,MoM TVL Growth - Assumptions,5.0%,Supply Interest Rate,896000000000000000.00%,,,,,$veTOKEN Fee,10.00%,Blocks per Year,15768000,"43,170.43",,,,,,,,,,,,,,,,,,,,,,,,,,,,,,,,,,,,,,,,,,,,,,,,,,,,,,,,,,,,,,,,,,,,,,,,,,,,,,,,,,,,,,,,,,,,,,,,,,,,,,,,,,,,,,,,,,,,,,,,,,,,,,,,,,,,,,,,,
,MoM Borrow Growth - Assumptions,5.0%,ION Circulating,"40,000,000",,,,,,0.54,Utilization,"5,400,000",Blocks per Day^,,,,,,,,,,,,,,,,,,,,,,,,,,,,,,,,,,,,,,,,,,,,,,,,,,,,,,,,,,,,,,,,,,,,,,,,,,,,,,,,,,,,,,,,,,,,,,,,,,,,,,,,,,,,,,,,,,,,,,,,,,,,,,,,,,,,,,,,,
,Token Price,0.05,Date,06.06.2024,,,,,,,Borrow APR,6.16%,,,,,,,,,,,,,,,,,,,,,,,,,,,,,,,,,,,,,,,,,,,,,,,,,,,,,,,,,,,,,,,,,,,,,,,,,,,,,,,,,,,,,,,,,,,,,,,,,,,,,,,,,,,,,,,,,,,,,,,,,,,,,,,,,,,,,,,,,,
,Price Choice,Current,,,,,,,,,,,,,,,,,,,,,,,,,,,,,,,,,,,,,,,,,,,,,,,,,,,,,,,,,,,,,,,,,,,,,,,,,,,,,,,,,,,,,,,,,,,,,,,,,,,,,,,,,,,,,,,,,,,,,,,,,,,,,,,,,,,,,,,,,,,,,,,,,,,,
,Month,-2,-1,0,1,2,3,4,5,6,7,8,9,10,11,12,13,14,15,16,17,18,19,20,21,22,23,24,25,26,27,28,29,30,31,32,33,34,35,36,37,38,39,40,41,42,43,44,45,46,47,48,49,50,51,52,53,54,55,56,57,58,59,60,61,62,63,64,65,66,67,68,69,70,71,72,73,74,75,76,77,78,79,80,81,82,83,84,85,86,87,88,89,90,91,92,93,94,95,96,97,98,99,100,101,102,103,104,105,106,107,108,109,110,111,112,113,114,115,116,117,118,119,120,121,122,123,124,125,126,127,128,129,130,131,132,133,134,135,136,137,138,139,140,141,142,143,144,145,146
,Date,5/24,6/24,7/24,8/24,9/24,10/24,11/24,12/24,1/25,2/25,3/25,4/25,5/25,6/25,7/25,8/25,9/25,10/25,11/25,12/25,1/26,2/26,3/26,4/26,5/26,6/26,7/26,8/26,9/26,10/26,11/26,12/26,1/27,2/27,3/27,4/27,5/27,6/27,7/27,8/27,9/27,10/27,11/27,12/27,1/28,2/28,3/28,4/28,5/28,6/28,7/28,8/28,9/28,10/28,11/28,12/28,1/29,2/29,3/29,4/29,5/29,6/29,7/29,8/29,9/29,10/29,11/29,12/29,1/30,2/30,3/30,4/30,5/30,6/30,7/30,8/30,9/30,10/30,11/30,12/30,1/31,2/31,3/31,4/31,5/31,6/31,7/31,8/31,9/31,10/31,11/31,12/31,1/32,2/32,3/32,4/32,5/32,6/32,7/32,8/32,9/32,10/32,11/32,12/32,1/33,2/33,3/33,4/33,5/33,6/33,7/33,8/33,9/33,10/33,11/33,12/33,1/34,2/34,3/34,4/34,5/34,6/34,7/34,8/34,9/34,10/34,11/34,12/34,1/35,2/35,3/35,4/35,5/35,6/35,7/35,8/35,9/35,10/35,11/35,12/35,1/36,2/36,3/36,4/36,5/36,6/36,7/36,8/36,9/36
,ION KPI-Based Emissions Assumptions,,,,,,,,,,,,,,,,,,,,,,,,,,,,,,,,,,,,,,,,,,,,,,,,,,,,,,,,,,,,,,,,,,,,,,,,,,,,,,,,,,,,,,,,,,,,,,,,,,,,,,,,,,,,,,,,,,,,,,,,,,,,,,,,,,,,,,,,,,,,,,,,,,,,,
,Total Value Locked - Assumption,,,"$150,000,000","$157,500,000","$165,375,000","$173,643,750","$182,325,938","$191,442,234","$201,014,346","$211,065,063","$221,618,317","$232,699,232","$244,334,194","$256,550,904","$269,378,449","$282,847,371","$296,989,740","$311,839,227","$327,431,188","$343,802,748","$360,992,885","$379,042,529","$397,994,656","$417,894,389","$438,789,108","$460,728,563","$483,764,992","$507,953,241","$533,350,903","$560,018,448","$588,019,371","$617,420,339","$648,291,356","$680,705,924","$714,741,220","$750,478,281","$788,002,195","$827,402,305","$868,772,420","$912,211,041","$957,821,593","$1,000,000,000","$1,000,000,000","$1,000,000,000","$1,000,000,000","$1,000,000,000","$1,000,000,000","$1,000,000,000","$1,000,000,000","$1,000,000,000","$1,000,000,000","$1,000,000,000","$1,000,000,000","$1,000,000,000","$1,000,000,000","$1,000,000,000","$1,000,000,000","$1,000,000,000","$1,000,000,000","$1,000,000,000","$1,000,000,000","$1,000,000,000","$1,000,000,000","$1,000,000,000","$1,000,000,000","$1,000,000,000","$1,000,000,000","$1,000,000,000","$1,000,000,000","$1,000,000,000","$1,000,000,000","$1,000,000,000","$1,000,000,000","$1,000,000,000","$1,000,000,000","$1,000,000,000","$1,000,000,000","$1,000,000,000","$1,000,000,000","$1,000,000,000","$1,000,000,000","$1,000,000,000","$1,000,000,000","$1,000,000,000","$1,000,000,000","$1,000,000,000","$1,000,000,000","$1,000,000,000","$1,000,000,000","$1,000,000,000","$1,000,000,000","$1,000,000,000","$1,000,000,000","$1,000,000,000","$1,000,000,000","$1,000,000,000","$1,000,000,000","$1,000,000,000","$1,000,000,000","$1,000,000,000","$1,000,000,000","$1,000,000,000","$1,000,000,000","$1,000,000,000","$1,000,000,000","$1,000,000,000","$1,000,000,000","$1,000,000,000","$1,000,000,000","$1,000,000,000","$1,000,000,000","$1,000,000,000","$1,000,000,000","$1,000,000,000","$1,000,000,000","$1,000,000,000","$1,000,000,000","$1,000,000,000","$1,000,000,000","$1,000,000,000","$1,000,000,000","$1,000,000,000","$1,000,000,000","$1,000,000,000","$1,000,000,000","$1,000,000,000","$1,000,000,000","$1,000,000,000","$1,000,000,000","$1,000,000,000","$1,000,000,000","$1,000,000,000","$1,000,000,000","$1,000,000,000","$1,000,000,000","$1,000,000,000","$1,000,000,000","$1,000,000,000","$1,000,000,000","$1,000,000,000","$1,000,000,000","$1,000,000,000","$1,000,000,000","$1,000,000,000","$1,000,000,000","$1,000,000,000","$1,000,000,000","$1,000,000,000","$1,000,000,000"
,Total Value Borrowed - Assumption,,,"$40,000,000","$42,000,000","$44,100,000","$46,305,000","$48,620,250","$51,051,263","$53,603,826","$56,284,017","$59,098,218","$62,053,129","$65,155,785","$68,413,574","$71,834,253","$75,425,966","$79,197,264","$83,157,127","$87,314,984","$91,680,733","$96,264,769","$101,078,008","$106,131,908","$111,438,504","$117,010,429","$122,860,950","$129,003,998","$135,454,198","$142,226,908","$149,338,253","$156,805,166","$164,645,424","$172,877,695","$181,521,580","$190,597,659","$200,127,542","$210,133,919","$220,640,615","$231,672,645","$243,256,278","$255,419,092","$268,190,046","$281,599,548","$295,679,526","$310,463,502","$325,986,677","$342,286,011","$359,400,312","$377,370,327","$396,238,844","$400,000,000","$400,000,000","$400,000,000","$400,000,000","$400,000,000","$400,000,000","$400,000,000","$400,000,000","$400,000,000","$400,000,000","$400,000,000","$400,000,000","$400,000,000","$400,000,000","$400,000,000","$400,000,000","$400,000,000","$400,000,000","$400,000,000","$400,000,000","$400,000,000","$400,000,000","$400,000,000","$400,000,000","$400,000,000","$400,000,000","$400,000,000","$400,000,000","$400,000,000","$400,000,000","$400,000,000","$400,000,000","$400,000,000","$400,000,000","$400,000,000","$400,000,000","$400,000,000","$400,000,000","$400,000,000","$400,000,000","$400,000,000","$400,000,000","$400,000,000","$400,000,000","$400,000,000","$400,000,000","$400,000,000","$400,000,000","$400,000,000","$400,000,000","$400,000,000","$400,000,000","$400,000,000","$400,000,000","$400,000,000","$400,000,000","$400,000,000","$400,000,000","$400,000,000","$400,000,000","$400,000,000","$400,000,000","$400,000,000","$400,000,000","$400,000,000","$400,000,000","$400,000,000","$400,000,000","$400,000,000","$400,000,000","$400,000,000","$400,000,000","$400,000,000","$400,000,000","$400,000,000","$400,000,000","$400,000,000","$400,000,000","$400,000,000","$400,000,000","$400,000,000","$400,000,000","$400,000,000","$400,000,000","$400,000,000","$400,000,000","$400,000,000","$400,000,000","$400,000,000","$400,000,000","$400,000,000","$400,000,000","$400,000,000","$400,000,000","$400,000,000","$400,000,000","$400,000,000","$400,000,000","$400,000,000"
,Utilization Rate - Calculated off 15 & 16,,,26.67%,26.67%,26.67%,26.67%,26.67%,26.67%,26.67%,26.67%,26.67%,26.67%,26.67%,26.67%,26.67%,26.67%,26.67%,26.67%,26.67%,26.67%,26.67%,26.67%,26.67%,26.67%,26.67%,26.67%,26.67%,26.67%,26.67%,26.67%,26.67%,26.67%,26.67%,26.67%,26.67%,26.67%,26.67%,26.67%,26.67%,26.67%,26.67%,26.82%,28.16%,29.57%,31.05%,32.60%,34.23%,35.94%,37.74%,39.62%,40.00%,40.00%,40.00%,40.00%,40.00%,40.00%,40.00%,40.00%,40.00%,40.00%,40.00%,40.00%,40.00%,40.00%,40.00%,40.00%,40.00%,40.00%,40.00%,40.00%,40.00%,40.00%,40.00%,40.00%,40.00%,40.00%,40.00%,40.00%,40.00%,40.00%,40.00%,40.00%,40.00%,40.00%,40.00%,40.00%,40.00%,40.00%,40.00%,40.00%,40.00%,40.00%,40.00%,40.00%,40.00%,40.00%,40.00%,40.00%,40.00%,40.00%,40.00%,40.00%,40.00%,40.00%,40.00%,40.00%,40.00%,40.00%,40.00%,40.00%,40.00%,40.00%,40.00%,40.00%,40.00%,40.00%,40.00%,40.00%,40.00%,40.00%,40.00%,40.00%,40.00%,40.00%,40.00%,40.00%,40.00%,40.00%,40.00%,40.00%,40.00%,40.00%,40.00%,40.00%,40.00%,40.00%,40.00%,40.00%,40.00%,40.00%,40.00%,40.00%,40.00%,40.00%,40.00%,40.00%,40.00%,40.00%,40.00%
,Step - Modeled,,,0,0,0,1,1,1,2,2,2,3,3,3,4,4,4,5,5,5,6,6,6,7,7,7,8,8,8,9,9,9,10,10,10,11,11,11,12,12,12,13,13,13,14,14,14,15,15,15,15,15,15,15,15,15,15,15,15,15,15,15,15,15,15,15,15,15,15,15,15,15,15,15,15,15,15,15,15,15,15,15,15,15,15,15,15,15,15,15,15,15,15,15,15,15,15,15,15,15,15,15,15,15,15,15,15,15,15,15,15,15,15,15,15,15,15,15,15,15,15,15,15,15,15,15,15,15,15,15,15,15,15,15,15,15,15,15,15,15,15,15,15,15,15,15,15,15,15
,% Increase from Step - Modeled,,,,5.0%,10.3%,15.8%,5.0%,10.3%,15.8%,5.0%,10.3%,15.8%,5.0%,10.3%,15.8%,5.0%,10.3%,15.8%,5.0%,10.3%,15.8%,5.0%,10.3%,15.8%,5.0%,10.3%,15.8%,5.0%,10.3%,15.8%,5.0%,10.3%,15.8%,5.0%,10.3%,15.8%,5.0%,10.3%,15.8%,5.0%,10.3%,15.8%,5.0%,10.3%,15.8%,5.0%,10.3%,15.8%,5.0%,10.3%,11.3%,0.0%,0.0%,0.0%,0.0%,0.0%,0.0%,0.0%,0.0%,0.0%,0.0%,0.0%,0.0%,0.0%,0.0%,0.0%,0.0%,0.0%,0.0%,0.0%,0.0%,0.0%,0.0%,0.0%,0.0%,0.0%,0.0%,0.0%,0.0%,0.0%,0.0%,0.0%,0.0%,0.0%,0.0%,0.0%,0.0%,0.0%,0.0%,0.0%,0.0%,0.0%,0.0%,0.0%,0.0%,0.0%,0.0%,0.0%,0.0%,0.0%,0.0%,0.0%,0.0%,0.0%,0.0%,0.0%,0.0%,0.0%,0.0%,0.0%,0.0%,0.0%,0.0%,0.0%,0.0%,0.0%,0.0%,0.0%,0.0%,0.0%,0.0%,0.0%,0.0%,0.0%,0.0%,0.0%,0.0%,0.0%,0.0%,0.0%,0.0%,0.0%,0.0%,0.0%,0.0%,0.0%,0.0%,0.0%,0.0%,0.0%,0.0%,0.0%,0.0%,0.0%,0.0%,0.0%,0.0%,0.0%,0.0%
,Emissions Tokens Emitted - Calculated,,,0,0,0,"3,000,000","3,000,000","3,000,000","3,300,000","3,300,000","3,300,000","3,630,000","3,630,000","3,630,000","3,993,000","3,993,000","3,993,000","4,392,300","4,392,300","4,392,300","4,831,530","4,831,530","4,831,530","5,314,683","5,314,683","5,314,683","5,846,151","5,846,151","5,846,151","6,430,766","6,430,766","6,430,766","7,073,843","7,073,843","7,073,843","7,781,227","7,781,227","7,781,227","8,559,350","8,559,350","8,559,350","9,415,285","9,415,285","9,415,285","10,356,814","10,356,814","10,356,814","11,392,495","11,392,495","11,392,495","11,392,495","2,655,170",0,0,0,0,0,0,0,0,0,0,0,0,0,0,0,0,0,0,0,0,0,0,0,0,0,0,0,0,0,0,0,0,0,0,0,0,0,0,0,0,0,0,0,0,0,0,0,0,0,0,0,0,0,0,0,0,0,0,0,0,0,0,0,0,0,0,0,0,0,0,0,0,0,0,0,0,0,0,0,0,0,0,0,0,0,0,0,0,0,0,0,0,0,0,0,0,0
,CUMULATIVE EMISSIONS,,,0,0,0,"3,000,000","6,000,000","9,000,000","12,300,000","15,600,000","18,900,000","22,530,000","26,160,000","29,790,000","33,783,000","37,776,000","41,769,000","46,161,300","50,553,600","54,945,900","59,777,430","64,608,960","69,440,490","74,755,173","80,069,856","85,384,539","91,230,690","97,076,842","102,922,993","109,353,759","115,784,526","122,215,292","129,289,135","136,362,978","143,436,821","151,218,049","158,999,276","166,780,504","175,339,854","183,899,204","192,458,554","201,873,839","211,289,124","220,704,409","231,061,223","241,418,037","251,774,850","263,167,345","274,559,840","285,952,335","297,344,830","300,000,000","300,000,000","300,000,000","300,000,000","300,000,000","300,000,000","300,000,000","300,000,000","300,000,000","300,000,000","300,000,000","300,000,000","300,000,000","300,000,000","300,000,000","300,000,000","300,000,000","300,000,000","300,000,000","300,000,000","300,000,000","300,000,000","300,000,000","300,000,000","300,000,000","300,000,000","300,000,000","300,000,000","300,000,000","300,000,000","300,000,000","300,000,000","300,000,000","300,000,000","300,000,000","300,000,000","300,000,000","300,000,000","300,000,000","300,000,000","300,000,000","300,000,000","300,000,000","300,000,000","300,000,000","300,000,000","300,000,000","300,000,000","300,000,000","300,000,000","300,000,000","300,000,000","300,000,000","300,000,000","300,000,000","300,000,000","300,000,000","300,000,000","300,000,000","300,000,000","300,000,000","300,000,000","300,000,000","300,000,000","300,000,000","300,000,000","300,000,000","300,000,000","300,000,000","300,000,000","300,000,000","300,000,000","300,000,000","300,000,000","300,000,000","300,000,000","300,000,000","300,000,000","300,000,000","300,000,000","300,000,000","300,000,000","300,000,000","300,000,000","300,000,000","300,000,000","300,000,000","300,000,000","300,000,000","300,000,000","300,000,000","300,000,000","300,000,000","300,000,000","300,000,000","300,000,000","300,000,000","300,000,000"
,% of Circulating,,,#REF!,#REF!,#REF!,#REF!,#REF!,#REF!,#REF!,#REF!,#REF!,#REF!,#REF!,#REF!,#REF!,#REF!,#REF!,#REF!,#REF!,#REF!,#REF!,#REF!,#REF!,#REF!,#REF!,#REF!,#REF!,#REF!,#REF!,#REF!,#REF!,#REF!,#REF!,#REF!,#REF!,#REF!,#REF!,#REF!,#REF!,#REF!,#REF!,#REF!,#REF!,#REF!,#REF!,#REF!,#REF!,#REF!,#REF!,#REF!,#REF!,#REF!,#REF!,#REF!,#REF!,#REF!,#REF!,#REF!,#REF!,#REF!,#REF!,#REF!,#REF!,#REF!,#REF!,#REF!,#REF!,#REF!,#REF!,#REF!,#REF!,#REF!,#REF!,#REF!,#REF!,#REF!,#REF!,#REF!,#REF!,#REF!,#REF!,#REF!,#REF!,#REF!,#REF!,#REF!,#REF!,#REF!,#REF!,#REF!,#REF!,#REF!,#REF!,#REF!,#REF!,#REF!,#REF!,#REF!,#REF!,#REF!,#REF!,#REF!,#REF!,#REF!,#REF!,#REF!,#REF!,#REF!,#REF!,#REF!,#REF!,#REF!,#REF!,#REF!,#REF!,#REF!,#REF!,#REF!,#REF!,#REF!,#REF!,#REF!,#REF!,#REF!,#REF!,#REF!,#REF!,#REF!,#REF!,#REF!,#REF!,#REF!,#REF!,#REF!,#REF!,#REF!,#REF!,#REF!,#REF!,#REF!,#REF!,#REF!,#REF!,#REF!,#REF!,#REF!,#REF!,#REF!,#REF!
,ION KPI-Based Team Assumptions,,,,,,,,,,,,,,,,,,,,,,,,,,,,,,,,,,,,,,,,,,,,,,,,,,,,,,,,,,,,,,,,,,,,,,,,,,,,,,,,,,,,,,,,,,,,,,,,,,,,,,,,,,,,,,,,,,,,,,,,,,,,,,,,,,,,,,,,,,,,,,,,,,,,,
,Step,,,1,#REF!,#REF!,#REF!,#REF!,#REF!,#REF!,#REF!,#REF!,#REF!,#REF!,#REF!,#REF!,#REF!,#REF!,#REF!,#REF!,#REF!,#REF!,#REF!,#REF!,#REF!,#REF!,#REF!,#REF!,#REF!,#REF!,#REF!,#REF!,#REF!,#REF!,#REF!,#REF!,#REF!,#REF!,#REF!,#REF!,#REF!,#REF!,#REF!,#REF!,#REF!,#REF!,#REF!,#REF!,#REF!,#REF!,#REF!,#REF!,#REF!,#REF!,#REF!,#REF!,#REF!,#REF!,#REF!,#REF!,#REF!,#REF!,#REF!,#REF!,#REF!,#REF!,#REF!,#REF!,#REF!,#REF!,#REF!,#REF!,#REF!,#REF!,#REF!,#REF!,#REF!,#REF!,#REF!,#REF!,#REF!,#REF!,#REF!,#REF!,#REF!,#REF!,#REF!,#REF!,#REF!,#REF!,#REF!,#REF!,#REF!,#REF!,#REF!,#REF!,#REF!,#REF!,#REF!,#REF!,#REF!,#REF!,#REF!,#REF!,#REF!,#REF!,#REF!,#REF!,#REF!,#REF!,#REF!,#REF!,#REF!,#REF!,#REF!,#REF!,#REF!,#REF!,#REF!,#REF!,#REF!,#REF!,#REF!,#REF!,#REF!,#REF!,#REF!,#REF!,#REF!,#REF!,#REF!,#REF!,#REF!,#REF!,#REF!,#REF!,#REF!,#REF!,#REF!,#REF!,#REF!,#REF!,#REF!,#REF!,#REF!,#REF!,#REF!,#REF!,#REF!,#REF!
,% Increase from Step,,,,#REF!,#REF!,#REF!,#REF!,#REF!,#REF!,#REF!,#REF!,#REF!,#REF!,#REF!,#REF!,#REF!,#REF!,#REF!,#REF!,#REF!,#REF!,#REF!,#REF!,#REF!,#REF!,#REF!,#REF!,#REF!,#REF!,#REF!,#REF!,#REF!,#REF!,#REF!,#REF!,#REF!,#REF!,#REF!,#REF!,#REF!,#REF!,#REF!,#REF!,#REF!,#REF!,#REF!,#REF!,#REF!,#REF!,#REF!,#REF!,#REF!,#REF!,#REF!,#REF!,#REF!,#REF!,#REF!,#REF!,#REF!,#REF!,#REF!,#REF!,#REF!,#REF!,#REF!,#REF!,#REF!,#REF!,#REF!,#REF!,#REF!,#REF!,#REF!,#REF!,#REF!,#REF!,#REF!,#REF!,#REF!,#REF!,#REF!,#REF!,#REF!,#REF!,#REF!,#REF!,#REF!,#REF!,#REF!,#REF!,#REF!,#REF!,#REF!,#REF!,#REF!,#REF!,#REF!,#REF!,#REF!,#REF!,#REF!,#REF!,#REF!,#REF!,#REF!,#REF!,#REF!,#REF!,#REF!,#REF!,#REF!,#REF!,#REF!,#REF!,#REF!,#REF!,#REF!,#REF!,#REF!,#REF!,#REF!,#REF!,#REF!,#REF!,#REF!,#REF!,#REF!,#REF!,#REF!,#REF!,#REF!,#REF!,#REF!,#REF!,#REF!,#REF!,#REF!,#REF!,#REF!,#REF!,#REF!,#REF!,#REF!,#REF!,#REF!,#REF!,#REF!,#REF!
,Base Team Tokens Emitted,,,0,0,0,0,0,0,0,0,0,0,"3,125,000","3,125,000","3,125,000","3,125,000","3,125,000","3,125,000","3,125,000","3,125,000","3,125,000","3,125,000","3,125,000","3,125,000","3,125,000","3,125,000","3,125,000","3,125,000","3,125,000","3,125,000","3,125,000","3,125,000","3,125,000","3,125,000","3,125,000","3,125,000","3,125,000","3,125,000","3,125,000","3,125,000","3,125,000","3,125,000","3,125,000","3,125,000","3,125,000","3,125,000","3,125,000","3,125,000","3,125,000","3,125,000","3,125,000","3,125,000","3,125,000","3,125,000","3,125,000","3,125,000","3,125,000","3,125,000","3,125,000","3,125,000",0,0,0,0,0,0,0,0,0,0,0,0,0,0,0,0,0,0,0,0,0,0,0,0,0,0,0,0,0,0,0,0,0,0,0,0,0,0,0,0,0,0,0,0,0,0,0,0,0,0,0,0,0,0,0,0,0,0,0,0,0,0,0,0,0,0,0,0,0,0,0,0,0,0,0,0,0,0,0,0,0,0,0,0,0,0,0,0,0
,Team,,,0,#REF!,#REF!,#REF!,#REF!,#REF!,#REF!,#REF!,#REF!,#REF!,#REF!,#REF!,#REF!,#REF!,#REF!,#REF!,#REF!,#REF!,#REF!,#REF!,#REF!,#REF!,#REF!,#REF!,#REF!,#REF!,#REF!,#REF!,#REF!,#REF!,#REF!,#REF!,#REF!,#REF!,#REF!,#REF!,#REF!,#REF!,#REF!,#REF!,#REF!,#REF!,#REF!,#REF!,#REF!,#REF!,#REF!,#REF!,#REF!,#REF!,#REF!,#REF!,#REF!,#REF!,#REF!,#REF!,#REF!,#REF!,#REF!,#REF!,#REF!,#REF!,#REF!,#REF!,#REF!,#REF!,#REF!,#REF!,#REF!,#REF!,#REF!,#REF!,#REF!,#REF!,#REF!,#REF!,#REF!,#REF!,#REF!,#REF!,#REF!,#REF!,#REF!,#REF!,#REF!,#REF!,#REF!,#REF!,#REF!,#REF!,#REF!,#REF!,#REF!,#REF!,#REF!,#REF!,#REF!,#REF!,#REF!,#REF!,#REF!,#REF!,#REF!,#REF!,#REF!,#REF!,#REF!,#REF!,#REF!,#REF!,#REF!,#REF!,#REF!,#REF!,#REF!,#REF!,#REF!,#REF!,#REF!,#REF!,#REF!,#REF!,#REF!,#REF!,#REF!,#REF!,#REF!,#REF!,#REF!,#REF!,#REF!,#REF!,#REF!,#REF!,#REF!,#REF!,#REF!,#REF!,#REF!,#REF!,#REF!,#REF!,#REF!,#REF!,#REF!,#REF!,#REF!
,CUMULATIVE EMISSIONS,,,0,#REF!,#REF!,#REF!,#REF!,#REF!,#REF!,#REF!,#REF!,#REF!,#REF!,#REF!,#REF!,#REF!,#REF!,#REF!,#REF!,#REF!,#REF!,#REF!,#REF!,#REF!,#REF!,#REF!,#REF!,#REF!,#REF!,#REF!,#REF!,#REF!,#REF!,#REF!,#REF!,#REF!,#REF!,#REF!,#REF!,#REF!,#REF!,#REF!,#REF!,#REF!,#REF!,#REF!,#REF!,#REF!,#REF!,#REF!,#REF!,#REF!,#REF!,#REF!,#REF!,#REF!,#REF!,#REF!,#REF!,#REF!,#REF!,#REF!,#REF!,#REF!,#REF!,#REF!,#REF!,#REF!,#REF!,#REF!,#REF!,#REF!,#REF!,#REF!,#REF!,#REF!,#REF!,#REF!,#REF!,#REF!,#REF!,#REF!,#REF!,#REF!,#REF!,#REF!,#REF!,#REF!,#REF!,#REF!,#REF!,#REF!,#REF!,#REF!,#REF!,#REF!,#REF!,#REF!,#REF!,#REF!,#REF!,#REF!,#REF!,#REF!,#REF!,#REF!,#REF!,#REF!,#REF!,#REF!,#REF!,#REF!,#REF!,#REF!,#REF!,#REF!,#REF!,#REF!,#REF!,#REF!,#REF!,#REF!,#REF!,#REF!,#REF!,#REF!,#REF!,#REF!,#REF!,#REF!,#REF!,#REF!,#REF!,#REF!,#REF!,#REF!,#REF!,#REF!,#REF!,#REF!,#REF!,#REF!,#REF!,#REF!,#REF!,#REF!,#REF!,#REF!,#REF!
,% of Circulating,,,#REF!,#REF!,#REF!,#REF!,#REF!,#REF!,#REF!,#REF!,#REF!,#REF!,#REF!,#REF!,#REF!,#REF!,#REF!,#REF!,#REF!,#REF!,#REF!,#REF!,#REF!,#REF!,#REF!,#REF!,#REF!,#REF!,#REF!,#REF!,#REF!,#REF!,#REF!,#REF!,#REF!,#REF!,#REF!,#REF!,#REF!,#REF!,#REF!,#REF!,#REF!,#REF!,#REF!,#REF!,#REF!,#REF!,#REF!,#REF!,#REF!,#REF!,#REF!,#REF!,#REF!,#REF!,#REF!,#REF!,#REF!,#REF!,#REF!,#REF!,#REF!,#REF!,#REF!,#REF!,#REF!,#REF!,#REF!,#REF!,#REF!,#REF!,#REF!,#REF!,#REF!,#REF!,#REF!,#REF!,#REF!,#REF!,#REF!,#REF!,#REF!,#REF!,#REF!,#REF!,#REF!,#REF!,#REF!,#REF!,#REF!,#REF!,#REF!,#REF!,#REF!,#REF!,#REF!,#REF!,#REF!,#REF!,#REF!,#REF!,#REF!,#REF!,#REF!,#REF!,#REF!,#REF!,#REF!,#REF!,#REF!,#REF!,#REF!,#REF!,#REF!,#REF!,#REF!,#REF!,#REF!,#REF!,#REF!,#REF!,#REF!,#REF!,#REF!,#REF!,#REF!,#REF!,#REF!,#REF!,#REF!,#REF!,#REF!,#REF!,#REF!,#REF!,#REF!,#REF!,#REF!,#REF!,#REF!,#REF!,#REF!,#REF!,#REF!,#REF!,#REF!,#REF!,#REF!
,Emissions Margin,,,,,,,,,,,,,,,,,,,,,,,,,,,,,,,,,,,,,,,,,,,,,,,,,,,,,,,,,,,,,,,,,,,,,,,,,,,,,,,,,,,,,,,,,,,,,,,,,,,,,,,,,,,,,,,,,,,,,,,,,,,,,,,,,,,,,,,,,,,,,,,,,,,,,
,Borrow Base APR - Based on  Utilization Rate,,,4.92%,4.92%,4.92%,4.92%,4.92%,4.92%,4.92%,4.92%,4.92%,4.92%,4.92%,4.92%,4.92%,4.92%,4.92%,4.92%,4.92%,4.92%,4.92%,4.92%,4.92%,4.92%,4.92%,4.92%,4.92%,4.92%,4.92%,4.92%,4.92%,4.92%,4.92%,4.92%,4.92%,4.92%,4.92%,4.92%,4.92%,4.92%,4.92%,4.95%,5.20%,5.47%,5.75%,6.04%,6.35%,6.68%,7.03%,7.39%,7.46%,7.46%,7.46%,7.46%,7.46%,7.46%,7.46%,7.46%,7.46%,7.46%,7.46%,7.46%,7.46%,7.46%,7.46%,7.46%,7.46%,7.46%,7.46%,7.46%,7.46%,7.46%,7.46%,7.46%,7.46%,7.46%,7.46%,7.46%,7.46%,7.46%,7.46%,7.46%,7.46%,7.46%,7.46%,7.46%,7.46%,7.46%,7.46%,7.46%,7.46%,7.46%,7.46%,7.46%,7.46%,7.46%,7.46%,7.46%,7.46%,7.46%,7.46%,7.46%,7.46%,7.46%,7.46%,7.46%,7.46%,7.46%,7.46%,7.46%,7.46%,7.46%,7.46%,7.46%,7.46%,7.46%,7.46%,7.46%,7.46%,7.46%,7.46%,7.46%,7.46%,7.46%,7.46%,7.46%,7.46%,7.46%,7.46%,7.46%,7.46%,7.46%,7.46%,7.46%,7.46%,7.46%,7.46%,7.46%,7.46%,7.46%,7.46%,7.46%,7.46%,7.46%,7.46%,7.46%,7.46%,7.46%,7.46%
,Supply Base APR - Based on utilization Rate,,,3.0%,3.0%,3.0%,3.0%,3.0%,3.0%,3.0%,3.0%,3.0%,3.0%,3.0%,3.0%,3.0%,3.0%,3.0%,3.0%,3.0%,3.0%,3.0%,3.0%,3.0%,3.0%,3.0%,3.0%,3.0%,3.0%,3.0%,3.0%,3.0%,3.0%,3.0%,3.0%,3.0%,3.0%,3.0%,3.0%,3.0%,3.0%,3.0%,3.1%,3.2%,3.4%,3.5%,3.7%,3.9%,4.1%,4.3%,4.5%,4.6%,4.6%,4.6%,4.6%,4.6%,4.6%,4.6%,4.6%,4.6%,4.6%,4.6%,4.6%,4.6%,4.6%,4.6%,4.6%,4.6%,4.6%,4.6%,4.6%,4.6%,4.6%,4.6%,4.6%,4.6%,4.6%,4.6%,4.6%,4.6%,4.6%,4.6%,4.6%,4.6%,4.6%,4.6%,4.6%,4.6%,4.6%,4.6%,4.6%,4.6%,4.6%,4.6%,4.6%,4.6%,4.6%,4.6%,4.6%,4.6%,4.6%,4.6%,4.6%,4.6%,4.6%,4.6%,4.6%,4.6%,4.6%,4.6%,4.6%,4.6%,4.6%,4.6%,4.6%,4.6%,4.6%,4.6%,4.6%,4.6%,4.6%,4.6%,4.6%,4.6%,4.6%,4.6%,4.6%,4.6%,4.6%,4.6%,4.6%,4.6%,4.6%,4.6%,4.6%,4.6%,4.6%,4.6%,4.6%,4.6%,4.6%,4.6%,4.6%,4.6%,4.6%,4.6%,4.6%,4.6%,4.6%,4.6%
,Borrow Net APR - with Emissions,,,4.92%,4.92%,4.92%,4.59%,4.61%,4.62%,4.61%,4.62%,4.64%,4.62%,4.64%,4.65%,4.64%,4.65%,4.66%,4.65%,4.67%,4.68%,4.67%,4.68%,4.69%,4.68%,4.69%,4.70%,4.69%,4.70%,4.71%,4.70%,4.71%,4.72%,4.71%,4.72%,4.73%,4.72%,4.73%,4.74%,4.73%,4.74%,4.75%,4.77%,5.03%,5.31%,5.58%,5.88%,6.20%,6.52%,6.88%,7.25%,7.32%,7.43%,7.46%,7.46%,7.46%,7.46%,7.46%,7.46%,7.46%,7.46%,7.46%,7.46%,7.46%,7.46%,7.46%,7.46%,7.46%,7.46%,7.46%,7.46%,7.46%,7.46%,7.46%,7.46%,7.46%,7.46%,7.46%,7.46%,7.46%,7.46%,7.46%,7.46%,7.46%,7.46%,7.46%,7.46%,7.46%,7.46%,7.46%,7.46%,7.46%,7.46%,7.46%,7.46%,7.46%,7.46%,7.46%,7.46%,7.46%,7.46%,7.46%,7.46%,7.46%,7.46%,7.46%,7.46%,7.46%,7.46%,7.46%,7.46%,7.46%,7.46%,7.46%,7.46%,7.46%,7.46%,7.46%,7.46%,7.46%,7.46%,7.46%,7.46%,7.46%,7.46%,7.46%,7.46%,7.46%,7.46%,7.46%,7.46%,7.46%,7.46%,7.46%,7.46%,7.46%,7.46%,7.46%,7.46%,7.46%,7.46%,7.46%,7.46%,7.46%,7.46%,7.46%,7.46%,7.46%,7.46%,7.46%
,Supply Net APR - with Emissions,,,,,,,,,,,,,,,,,,,,,,,,,,,,,,,,,,,,,,,,,,,,,,,,,,,,,,,,,,,,,,,,,,,,,,,,,,,,,,,,,,,,,,,,,,,,,,,,,,,,,,,,,,,,,,,,,,,,,,,,,,,,,,,,,,,,,,,,,,,,,,,,,,,,,
,Total Protocol Revenue,,,"$393,339","$413,006","$433,656","$455,339","$478,106","$502,011","$527,112","$553,467","$581,140","$610,198","$640,707","$672,743","$706,380","$741,699","$778,784","$817,723","$858,609","$901,540","$946,617","$993,947","$1,043,645","$1,095,827","$1,150,618","$1,208,149","$1,268,557","$1,331,985","$1,398,584","$1,468,513","$1,541,939","$1,619,036","$1,699,987","$1,784,987","$1,874,236","$1,967,948","$2,066,345","$2,169,663","$2,278,146","$2,392,053","$2,511,656","$2,652,670","$2,928,119","$3,232,368","$3,568,460","$3,939,764","$4,350,012","$4,803,337","$5,304,321","$5,858,039","$5,971,817","$5,971,817","$5,971,817","$5,971,817","$5,971,817","$5,971,817","$5,971,817","$5,971,817","$5,971,817","$5,971,817","$5,971,817","$5,971,817","$5,971,817","$5,971,817","$5,971,817","$5,971,817","$5,971,817","$5,971,817","$5,971,817","$5,971,817","$5,971,817","$5,971,817","$5,971,817","$5,971,817","$5,971,817","$5,971,817","$5,971,817","$5,971,817","$5,971,817","$5,971,817","$5,971,817","$5,971,817","$5,971,817","$5,971,817","$5,971,817","$5,971,817","$5,971,817","$5,971,817","$5,971,817","$5,971,817","$5,971,817","$5,971,817","$5,971,817","$5,971,817","$5,971,817","$5,971,817","$5,971,817","$5,971,817","$5,971,817","$5,971,817","$5,971,817","$5,971,817","$5,971,817","$5,971,817","$5,971,817","$5,971,817","$5,971,817","$5,971,817","$5,971,817","$5,971,817","$5,971,817","$5,971,817","$5,971,817","$5,971,817","$5,971,817","$5,971,817","$5,971,817","$5,971,817","$5,971,817","$5,971,817","$5,971,817","$5,971,817","$5,971,817","$5,971,817","$5,971,817","$5,971,817","$5,971,817","$5,971,817","$5,971,817","$5,971,817","$5,971,817","$5,971,817","$5,971,817","$5,971,817","$5,971,817","$5,971,817","$5,971,817","$5,971,817","$5,971,817","$5,971,817","$5,971,817","$5,971,817","$5,971,817","$5,971,817","$5,971,817","$5,971,817","$5,971,817","$5,971,817","$5,971,817"
,ProtoRev - Interest,,,"$393,339","$413,006","$433,656","$455,339","$478,106","$502,011","$527,112","$553,467","$581,140","$610,198","$640,707","$672,743","$706,380","$741,699","$778,784","$817,723","$858,609","$901,540","$946,617","$993,947","$1,043,645","$1,095,827","$1,150,618","$1,208,149","$1,268,557","$1,331,985","$1,398,584","$1,468,513","$1,541,939","$1,619,036","$1,699,987","$1,784,987","$1,874,236","$1,967,948","$2,066,345","$2,169,663","$2,278,146","$2,392,053","$2,511,656","$2,652,670","$2,928,119","$3,232,368","$3,568,460","$3,939,764","$4,350,012","$4,803,337","$5,304,321","$5,858,039","$5,971,817","$5,971,817","$5,971,817","$5,971,817","$5,971,817","$5,971,817","$5,971,817","$5,971,817","$5,971,817","$5,971,817","$5,971,817","$5,971,817","$5,971,817","$5,971,817","$5,971,817","$5,971,817","$5,971,817","$5,971,817","$5,971,817","$5,971,817","$5,971,817","$5,971,817","$5,971,817","$5,971,817","$5,971,817","$5,971,817","$5,971,817","$5,971,817","$5,971,817","$5,971,817","$5,971,817","$5,971,817","$5,971,817","$5,971,817","$5,971,817","$5,971,817","$5,971,817","$5,971,817","$5,971,817","$5,971,817","$5,971,817","$5,971,817","$5,971,817","$5,971,817","$5,971,817","$5,971,817","$5,971,817","$5,971,817","$5,971,817","$5,971,817","$5,971,817","$5,971,817","$5,971,817","$5,971,817","$5,971,817","$5,971,817","$5,971,817","$5,971,817","$5,971,817","$5,971,817","$5,971,817","$5,971,817","$5,971,817","$5,971,817","$5,971,817","$5,971,817","$5,971,817","$5,971,817","$5,971,817","$5,971,817","$5,971,817","$5,971,817","$5,971,817","$5,971,817","$5,971,817","$5,971,817","$5,971,817","$5,971,817","$5,971,817","$5,971,817","$5,971,817","$5,971,817","$5,971,817","$5,971,817","$5,971,817","$5,971,817","$5,971,817","$5,971,817","$5,971,817","$5,971,817","$5,971,817","$5,971,817","$5,971,817","$5,971,817","$5,971,817","$5,971,817","$5,971,817","$5,971,817","$5,971,817"
,$ of tokens emitted,,,$0,$0,$0,"$150,000","$150,000","$150,000","$165,000","$165,000","$165,000","$181,500","$181,500","$181,500","$199,650","$199,650","$199,650","$219,615","$219,615","$219,615","$241,577","$241,577","$241,577","$265,734","$265,734","$265,734","$292,308","$292,308","$292,308","$321,538","$321,538","$321,538","$353,692","$353,692","$353,692","$389,061","$389,061","$389,061","$427,968","$427,968","$427,968","$470,764","$470,764","$470,764","$517,841","$517,841","$517,841","$569,625","$569,625","$569,625","$569,625","$132,758",$0,$0,$0,$0,$0,$0,$0,$0,$0,$0,$0,$0,$0,$0,$0,$0,$0,$0,$0,$0,$0,$0,$0,$0,$0,$0,$0,$0,$0,$0,$0,$0,$0,$0,$0,$0,$0,$0,$0,$0,$0,$0,$0,$0,$0,$0,$0,$0,$0,$0,$0,$0,$0,$0,$0,$0,$0,$0,$0,$0,$0,$0,$0,$0,$0,$0,$0,$0,$0,$0,$0,$0,$0,$0,$0,$0,$0,$0,$0,$0,$0,$0,$0,$0,$0,$0,$0,$0,$0,$0,$0,$0,$0,$0,$0,$0,$0
,Rev $ / Emissions $,,,0.0%,#DIV/0!,#DIV/0!,1130.2%,318.7%,334.7%,319.5%,335.4%,352.2%,336.2%,353.0%,370.7%,353.8%,371.5%,390.1%,372.3%,391.0%,410.5%,391.8%,411.4%,432.0%,412.4%,433.0%,454.6%,434.0%,455.7%,478.5%,456.7%,479.6%,503.5%,480.6%,504.7%,529.9%,505.8%,531.1%,557.7%,532.3%,558.9%,586.9%,563.5%,622.0%,686.6%,689.1%,760.8%,840.0%,843.2%,931.2%,1028.4%,1048.4%,4498.3%,#DIV/0!,#DIV/0!,#DIV/0!,#DIV/0!,#DIV/0!,#DIV/0!,#DIV/0!,#DIV/0!,#DIV/0!,#DIV/0!,#DIV/0!,#DIV/0!,#DIV/0!,#DIV/0!,#DIV/0!,#DIV/0!,#DIV/0!,#DIV/0!,#DIV/0!,#DIV/0!,#DIV/0!,#DIV/0!,#DIV/0!,#DIV/0!,#DIV/0!,#DIV/0!,#DIV/0!,#DIV/0!,#DIV/0!,#DIV/0!,#DIV/0!,#DIV/0!,#DIV/0!,#DIV/0!,#DIV/0!,#DIV/0!,#DIV/0!,#DIV/0!,#DIV/0!,#DIV/0!,#DIV/0!,#DIV/0!,#DIV/0!,#DIV/0!,#DIV/0!,#DIV/0!,#DIV/0!,#DIV/0!,#DIV/0!,#DIV/0!,#DIV/0!,#DIV/0!,#DIV/0!,#DIV/0!,#DIV/0!,#DIV/0!,#DIV/0!,#DIV/0!,#DIV/0!,#DIV/0!,#DIV/0!,#DIV/0!,#DIV/0!,#DIV/0!,#DIV/0!,#DIV/0!,#DIV/0!,#DIV/0!,#DIV/0!,#DIV/0!,#DIV/0!,#DIV/0!,#DIV/0!,#DIV/0!,#DIV/0!,#DIV/0!,#DIV/0!,#DIV/0!,#DIV/0!,#DIV/0!,#DIV/0!,#DIV/0!,#DIV/0!,#DIV/0!,#DIV/0!,#DIV/0!,#DIV/0!,#DIV/0!,#DIV/0!,#DIV/0!,#DIV/0!,#DIV/0!,#DIV/0!,#DIV/0!,#DIV/0!,#DIV/0!,#DIV/0!
,Emission Margin,,,100.0%,100.0%,100.0%,32.9%,31.4%,29.9%,31.3%,29.8%,28.4%,29.7%,28.3%,27.0%,28.3%,26.9%,25.6%,26.9%,25.6%,24.4%,25.5%,24.3%,23.1%,24.2%,23.1%,22.0%,23.0%,21.9%,20.9%,21.9%,20.9%,19.9%,20.8%,19.8%,18.9%,19.8%,18.8%,17.9%,18.8%,17.9%,17.0%,17.7%,16.1%,14.6%,14.5%,13.1%,11.9%,11.9%,10.7%,9.7%,9.5%,2.2%,100.0%,100.0%,100.0%,100.0%,100.0%,100.0%,100.0%,100.0%,100.0%,100.0%,100.0%,100.0%,100.0%,100.0%,100.0%,100.0%,100.0%,100.0%,100.0%,100.0%,100.0%,100.0%,100.0%,100.0%,100.0%,100.0%,100.0%,100.0%,100.0%,100.0%,100.0%,100.0%,100.0%,100.0%,100.0%,100.0%,100.0%,100.0%,100.0%,100.0%,100.0%,,,,,,,,,,,,,,,,,,,,,,,,,,,,,,,,,,,,,,,,,,,,,,,,,,,,,,,,
,,,,,,,,,,,,,,,,,,,,,,,,,,,,,,,,,,,,,,,,,,,,,,,,,,,,,,,,,,,,,,,,,,,,,,,,,,,,,,,,,,,,,,,,,,,,,,,,,,,,,,,,,,,,,,,,,,,,,,,,,,,,,,,,,,,,,,,,,,,,,,,,,,,,,,
,,,,,,,,,,,,,,,,,,,,,,,,,,,,,,,,,,,,,,,,,,,,,,,,,,,,,,,,,,,,,,,,,,,,,,,,,,,,,,,,,,,,,,,,,,,,,,,,,,,,,,,,,,,,,,,,,,,,,,,,,,,,,,,,,,,,,,,,,,,,,,,,,,,,,,
,,,,,,,,,,,,,,,,,,,,,,,,,,,,,,,,,,,,,,,,,,,,,,,,,,,,,,,,,,,,,,,,,,,,,,,,,,,,,,,,,,,,,,,,,,,,,,,,,,,,,,,,,,,,,,,,,,,,,,,,,,,,,,,,,,,,,,,,,,,,,,,,,,,,,,
,,,,,,,,,,,,,,,,,,,,,,,,,,,,,,,,,,,,,,,,,,,,,,,,,,,,,,,,,,,,,,,,,,,,,,,,,,,,,,,,,,,,,,,,,,,,,,,,,,,,,,,,,,,,,,,,,,,,,,,,,,,,,,,,,,,,,,,,,,,,,,,,,,,,,,
,,,,,,,,,,,,,,,,,,,,,,,,,,,,,,,,,,,,,,,,,,,,,,,,,,,,,,,,,,,,,,,,,,,,,,,,,,,,,,,,,,,,,,,,,,,,,,,,,,,,,,,,,,,,,,,,,,,,,,,,,,,,,,,,,,,,,,,,,,,,,,,,,,,,,,
,,,,,,,,,,,,,,,,,,,,,,,,,,,,,,,,,,,,,,,,,,,,,,,,,,,,,,,,,,,,,,,,,,,,,,,,,,,,,,,,,,,,,,,,,,,,,,,,,,,,,,,,,,,,,,,,,,,,,,,,,,,,,,,,,,,,,,,,,,,,,,,,,,,,,,
,,,,,,,,,,,,,,,,,,,,,,,,,,,,,,,,,,,,,,,,,,,,,,,,,,,,,,,,,,,,,,,,,,,,,,,,,,,,,,,,,,,,,,,,,,,,,,,,,,,,,,,,,,,,,,,,,,,,,,,,,,,,,,,,,,,,,,,,,,,,,,,,,,,,,,
,,,,,,,,,,,,,,,,,,,,,,,,,,,,,,,,,,,,,,,,,,,,,,,,,,,,,,,,,,,,,,,,,,,,,,,,,,,,,,,,,,,,,,,,,,,,,,,,,,,,,,,,,,,,,,,,,,,,,,,,,,,,,,,,,,,,,,,,,,,,,,,,,,,,,,
,,,,,,,,,,,,,,,,,,,,,,,,,,,,,,,,,,,,,,,,,,,,,,,,,,,,,,,,,,,,,,,,,,,,,,,,,,,,,,,,,,,,,,,,,,,,,,,,,,,,,,,,,,,,,,,,,,,,,,,,,,,,,,,,,,,,,,,,,,,,,,,,,,,,,,
,,,,,,,,,,,,,,,,,,,,,,,,,,,,,,,,,,,,,,,,,,,,,,,,,,,,,,,,,,,,,,,,,,,,,,,,,,,,,,,,,,,,,,,,,,,,,,,,,,,,,,,,,,,,,,,,,,,,,,,,,,,,,,,,,,,,,,,,,,,,,,,,,,,,,,
,,,,,,,,,,,,,,,,,,,,,,,,,,,,,,,,,,,,,,,,,,,,,,,,,,,,,,,,,,,,,,,,,,,,,,,,,,,,,,,,,,,,,,,,,,,,,,,,,,,,,,,,,,,,,,,,,,,,,,,,,,,,,,,,,,,,,,,,,,,,,,,,,,,,,,
,,,,,,,,,,,,,,,,,,,,,,,,,,,,,,,,,,,,,,,,,,,,,,,,,,,,,,,,,,,,,,,,,,,,,,,,,,,,,,,,,,,,,,,,,,,,,,,,,,,,,,,,,,,,,,,,,,,,,,,,,,,,,,,,,,,,,,,,,,,,,,,,,,,,,,
,,,,,,,,,,,,,,,,,,,,,,,,,,,,,,,,,,,,,,,,,,,,,,,,,,,,,,,,,,,,,,,,,,,,,,,,,,,,,,,,,,,,,,,,,,,,,,,,,,,,,,,,,,,,,,,,,,,,,,,,,,,,,,,,,,,,,,,,,,,,,,,,,,,,,,
,,,,,,,,,,,,,,,,,,,,,,,,,,,,,,,,,,,,,,,,,,,,,,,,,,,,,,,,,,,,,,,,,,,,,,,,,,,,,,,,,,,,,,,,,,,,,,,,,,,,,,,,,,,,,,,,,,,,,,,,,,,,,,,,,,,,,,,,,,,,,,,,,,,,,,
,,,,,,,,,,,,,,,,,,,,,,,,,,,,,,,,,,,,,,,,,,,,,,,,,,,,,,,,,,,,,,,,,,,,,,,,,,,,,,,,,,,,,,,,,,,,,,,,,,,,,,,,,,,,,,,,,,,,,,,,,,,,,,,,,,,,,,,,,,,,,,,,,,,,,,
,,,,,,,,,,,,,,,,,,,,,,,,,,,,,,,,,,,,,,,,,,,,,,,,,,,,,,,,,,,,,,,,,,,,,,,,,,,,,,,,,,,,,,,,,,,,,,,,,,,,,,,,,,,,,,,,,,,,,,,,,,,,,,,,,,,,,,,,,,,,,,,,,,,,,,
,,,,,,,,,,,,,,,,,,,,,,,,,,,,,,,,,,,,,,,,,,,,,,,,,,,,,,,,,,,,,,,,,,,,,,,,,,,,,,,,,,,,,,,,,,,,,,,,,,,,,,,,,,,,,,,,,,,,,,,,,,,,,,,,,,,,,,,,,,,,,,,,,,,,,,
,,,,,,,,,,,,,,,,,,,,,,,,,,,,,,,,,,,,,,,,,,,,,,,,,,,,,,,,,,,,,,,,,,,,,,,,,,,,,,,,,,,,,,,,,,,,,,,,,,,,,,,,,,,,,,,,,,,,,,,,,,,,,,,,,,,,,,,,,,,,,,,,,,,,,,
,,,,,,,,,,,,,,,,,,,,,,,,,,,,,,,,,,,,,,,,,,,,,,,,,,,,,,,,,,,,,,,,,,,,,,,,,,,,,,,,,,,,,,,,,,,,,,,,,,,,,,,,,,,,,,,,,,,,,,,,,,,,,,,,,,,,,,,,,,,,,,,,,,,,,,
,,,,,,,,,,,,,,,,,,,,,,,,,,,,,,,,,,,,,,,,,,,,,,,,,,,,,,,,,,,,,,,,,,,,,,,,,,,,,,,,,,,,,,,,,,,,,,,,,,,,,,,,,,,,,,,,,,,,,,,,,,,,,,,,,,,,,,,,,,,,,,,,,,,,,,
,,,,,,,,,,,,,,,,,,,,,,,,,,,,,,,,,,,,,,,,,,,,,,,,,,,,,,,,,,,,,,,,,,,,,,,,,,,,,,,,,,,,,,,,,,,,,,,,,,,,,,,,,,,,,,,,,,,,,,,,,,,,,,,,,,,,,,,,,,,,,,,,,,,,,,
,,,,,,,,,,,,,,,,,,,,,,,,,,,,,,,,,,,,,,,,,,,,,,,,,,,,,,,,,,,,,,,,,,,,,,,,,,,,,,,,,,,,,,,,,,,,,,,,,,,,,,,,,,,,,,,,,,,,,,,,,,,,,,,,,,,,,,,,,,,,,,,,,,,,,,
,,,,,,,,,,,,,,,,,,,,,,,,,,,,,,,,,,,,,,,,,,,,,,,,,,,,,,,,,,,,,,,,,,,,,,,,,,,,,,,,,,,,,,,,,,,,,,,,,,,,,,,,,,,,,,,,,,,,,,,,,,,,,,,,,,,,,,,,,,,,,,,,,,,,,,
,,,,,,,,,,,,,,,,,,,,,,,,,,,,,,,,,,,,,,,,,,,,,,,,,,,,,,,,,,,,,,,,,,,,,,,,,,,,,,,,,,,,,,,,,,,,,,,,,,,,,,,,,,,,,,,,,,,,,,,,,,,,,,,,,,,,,,,,,,,,,,,,,,,,,,
,,,,,,,,,,,,,,,,,,,,,,,,,,,,,,,,,,,,,,,,,,,,,,,,,,,,,,,,,,,,,,,,,,,,,,,,,,,,,,,,,,,,,,,,,,,,,,,,,,,,,,,,,,,,,,,,,,,,,,,,,,,,,,,,,,,,,,,,,,,,,,,,,,,,,,
,,,,,,,,,,,,,,,,,,,,,,,,,,,,,,,,,,,,,,,,,,,,,,,,,,,,,,,,,,,,,,,,,,,,,,,,,,,,,,,,,,,,,,,,,,,,,,,,,,,,,,,,,,,,,,,,,,,,,,,,,,,,,,,,,,,,,,,,,,,,,,,,,,,,,,
,,,,,,,,,,,,,,,,,,,,,,,,,,,,,,,,,,,,,,,,,,,,,,,,,,,,,,,,,,,,,,,,,,,,,,,,,,,,,,,,,,,,,,,,,,,,,,,,,,,,,,,,,,,,,,,,,,,,,,,,,,,,,,,,,,,,,,,,,,,,,,,,,,,,,,
,,,,,,,,,,,,,,,,,,,,,,,,,,,,,,,,,,,,,,,,,,,,,,,,,,,,,,,,,,,,,,,,,,,,,,,,,,,,,,,,,,,,,,,,,,,,,,,,,,,,,,,,,,,,,,,,,,,,,,,,,,,,,,,,,,,,,,,,,,,,,,,,,,,,,,
,,,,,,,,,,,,,,,,,,,,,,,,,,,,,,,,,,,,,,,,,,,,,,,,,,,,,,,,,,,,,,,,,,,,,,,,,,,,,,,,,,,,,,,,,,,,,,,,,,,,,,,,,,,,,,,,,,,,,,,,,,,,,,,,,,,,,,,,,,,,,,,,,,,,,,
,,,,,,,,,,,,,,,,,,,,,,,,,,,,,,,,,,,,,,,,,,,,,,,,,,,,,,,,,,,,,,,,,,,,,,,,,,,,,,,,,,,,,,,,,,,,,,,,,,,,,,,,,,,,,,,,,,,,,,,,,,,,,,,,,,,,,,,,,,,,,,,,,,,,,,
,,,,,,,,,,,,,,,,,,,,,,,,,,,,,,,,,,,,,,,,,,,,,,,,,,,,,,,,,,,,,,,,,,,,,,,,,,,,,,,,,,,,,,,,,,,,,,,,,,,,,,,,,,,,,,,,,,,,,,,,,,,,,,,,,,,,,,,,,,,,,,,,,,,,,,
,,,,,,,,,,,,,,,,,,,,,,,,,,,,,,,,,,,,,,,,,,,,,,,,,,,,,,,,,,,,,,,,,,,,,,,,,,,,,,,,,,,,,,,,,,,,,,,,,,,,,,,,,,,,,,,,,,,,,,,,,,,,,,,,,,,,,,,,,,,,,,,,,,,,,,
,,,,,,,,,,,,,,,,,,,,,,,,,,,,,,,,,,,,,,,,,,,,,,,,,,,,,,,,,,,,,,,,,,,,,,,,,,,,,,,,,,,,,,,,,,,,,,,,,,,,,,,,,,,,,,,,,,,,,,,,,,,,,,,,,,,,,,,,,,,,,,,,,,,,,,
,,,,,,,,,,,,,,,,,,,,,,,,,,,,,,,,,,,,,,,,,,,,,,,,,,,,,,,,,,,,,,,,,,,,,,,,,,,,,,,,,,,,,,,,,,,,,,,,,,,,,,,,,,,,,,,,,,,,,,,,,,,,,,,,,,,,,,,,,,,,,,,,,,,,,,
,,,,,,,,,,,,,,,,,,,,,,,,,,,,,,,,,,,,,,,,,,,,,,,,,,,,,,,,,,,,,,,,,,,,,,,,,,,,,,,,,,,,,,,,,,,,,,,,,,,,,,,,,,,,,,,,,,,,,,,,,,,,,,,,,,,,,,,,,,,,,,,,,,,,,,
,,,,,,,,,,,,,,,,,,,,,,,,,,,,,,,,,,,,,,,,,,,,,,,,,,,,,,,,,,,,,,,,,,,,,,,,,,,,,,,,,,,,,,,,,,,,,,,,,,,,,,,,,,,,,,,,,,,,,,,,,,,,,,,,,,,,,,,,,,,,,,,,,,,,,,
,,,,,,,,,,,,,,,,,,,,,,,,,,,,,,,,,,,,,,,,,,,,,,,,,,,,,,,,,,,,,,,,,,,,,,,,,,,,,,,,,,,,,,,,,,,,,,,,,,,,,,,,,,,,,,,,,,,,,,,,,,,,,,,,,,,,,,,,,,,,,,,,,,,,,,
,,,,,,,,,,,,,,,,,,,,,,,,,,,,,,,,,,,,,,,,,,,,,,,,,,,,,,,,,,,,,,,,,,,,,,,,,,,,,,,,,,,,,,,,,,,,,,,,,,,,,,,,,,,,,,,,,,,,,,,,,,,,,,,,,,,,,,,,,,,,,,,,,,,,,,
,,,,,,,,,,,,,,,,,,,,,,,,,,,,,,,,,,,,,,,,,,,,,,,,,,,,,,,,,,,,,,,,,,,,,,,,,,,,,,,,,,,,,,,,,,,,,,,,,,,,,,,,,,,,,,,,,,,,,,,,,,,,,,,,,,,,,,,,,,,,,,,,,,,,,,
,Days,31,61,92,123,153,184,214,245,276,304,335,365,396,426,457,488,518,549,579,610,641,669,700,730,761,791,822,853,883,914,944,975,"1,006","1,034","1,065","1,095","1,126","1,156","1,187","1,218","1,248","1,279","1,309","1,340","1,371","1,400","1,431","1,461","1,492","1,522","1,553","1,584","1,614","1,645","1,675","1,706","1,737","1,765","1,796","1,826","1,857","1,887","1,918","1,949","1,979","2,010","2,040","2,071","2,102","2,130","2,161","2,191","2,222","2,252","2,283","2,314","2,344","2,375","2,405","2,436","2,467","2,495","2,526","2,556","2,587","2,617","2,648","2,679","2,709","2,740","2,770","2,801","2,832","2,861","2,892","2,922","2,953","2,983","3,014","3,045","3,075","3,106","3,136","3,167","3,198","3,226","3,257","3,287","3,318","3,348","3,379","3,410","3,440","3,471","3,501","3,532","3,563","3,591","3,622","3,652",,,,,,,,,,,,,,,,,,,,,,,,,,,,,